scenario,shot_id,target_id,provider,model_id,model_version,attempt_no,status,generation_seconds,credits_used,output_file,variant_id,failure_reason,notes
single_character_cinematic,bm_a1_walk_slow_push,kling_default,kling,kling-video,,1,failed,,,,,UI audit test,
single_character_cinematic,bm_a1_walk_slow_push,kling_default,kling,kling-video,,2,,,,,,,
single_character_cinematic,bm_a1_walk_slow_push,kling_default,kling,kling-video,,3,,,,,,,
single_character_cinematic,bm_a1_walk_slow_push,seedance_default,seedance,seedance-video,,1,,,,,,,
single_character_cinematic,bm_a1_walk_slow_push,seedance_default,seedance,seedance-video,,2,,,,,,,
single_character_cinematic,bm_a1_walk_slow_push,seedance_default,seedance,seedance-video,,3,,,,,,,
single_character_cinematic,bm_a1_walk_slow_push,veo_default,veo,veo-video,,1,,,,,,,
single_character_cinematic,bm_a1_walk_slow_push,veo_default,veo,veo-video,,2,,,,,,,
single_character_cinematic,bm_a1_walk_slow_push,veo_default,veo,veo-video,,3,,,,,,,
single_character_cinematic,bm_a1_walk_slow_push,runway_default,runway,runway-gen3,,1,,,,,,,
single_character_cinematic,bm_a1_walk_slow_push,runway_default,runway,runway-gen3,,2,,,,,,,
single_character_cinematic,bm_a1_walk_slow_push,runway_default,runway,runway-gen3,,3,,,,,,,
single_character_cinematic,bm_a2_closeup_expression,kling_default,kling,kling-video,,1,,,,,,,
single_character_cinematic,bm_a2_closeup_expression,kling_default,kling,kling-video,,2,,,,,,,
single_character_cinematic,bm_a2_closeup_expression,kling_default,kling,kling-video,,3,,,,,,,
single_character_cinematic,bm_a2_closeup_expression,seedance_default,seedance,seedance-video,,1,,,,,,,
single_character_cinematic,bm_a2_closeup_expression,seedance_default,seedance,seedance-video,,2,,,,,,,
single_character_cinematic,bm_a2_closeup_expression,seedance_default,seedance,seedance-video,,3,,,,,,,
single_character_cinematic,bm_a2_closeup_expression,veo_default,veo,veo-video,,1,,,,,,,
single_character_cinematic,bm_a2_closeup_expression,veo_default,veo,veo-video,,2,,,,,,,
single_character_cinematic,bm_a2_closeup_expression,veo_default,veo,veo-video,,3,,,,,,,
single_character_cinematic,bm_a2_closeup_expression,runway_default,runway,runway-gen3,,1,,,,,,,
single_character_cinematic,bm_a2_closeup_expression,runway_default,runway,runway-gen3,,2,,,,,,,
single_character_cinematic,bm_a2_closeup_expression,runway_default,runway,runway-gen3,,3,,,,,,,
two_character_dialogue,bm_b1_two_shot_dialogue,kling_default,kling,kling-video,,1,,,,,,,
two_character_dialogue,bm_b1_two_shot_dialogue,kling_default,kling,kling-video,,2,,,,,,,
two_character_dialogue,bm_b1_two_shot_dialogue,kling_default,kling,kling-video,,3,,,,,,,
two_character_dialogue,bm_b1_two_shot_dialogue,seedance_default,seedance,seedance-video,,1,,,,,,,
two_character_dialogue,bm_b1_two_shot_dialogue,seedance_default,seedance,seedance-video,,2,,,,,,,
two_character_dialogue,bm_b1_two_shot_dialogue,seedance_default,seedance,seedance-video,,3,,,,,,,
two_character_dialogue,bm_b1_two_shot_dialogue,veo_default,veo,veo-video,,1,,,,,,,
two_character_dialogue,bm_b1_two_shot_dialogue,veo_default,veo,veo-video,,2,,,,,,,
two_character_dialogue,bm_b1_two_shot_dialogue,veo_default,veo,veo-video,,3,,,,,,,
two_character_dialogue,bm_b1_two_shot_dialogue,runway_default,runway,runway-gen3,,1,,,,,,,
two_character_dialogue,bm_b1_two_shot_dialogue,runway_default,runway,runway-gen3,,2,,,,,,,
two_character_dialogue,bm_b1_two_shot_dialogue,runway_default,runway,runway-gen3,,3,,,,,,,
two_character_dialogue,bm_b2_ots_on_a,kling_default,kling,kling-video,,1,,,,,,,
two_character_dialogue,bm_b2_ots_on_a,kling_default,kling,kling-video,,2,,,,,,,
two_character_dialogue,bm_b2_ots_on_a,kling_default,kling,kling-video,,3,,,,,,,
two_character_dialogue,bm_b2_ots_on_a,seedance_default,seedance,seedance-video,,1,,,,,,,
two_character_dialogue,bm_b2_ots_on_a,seedance_default,seedance,seedance-video,,2,,,,,,,
two_character_dialogue,bm_b2_ots_on_a,seedance_default,seedance,seedance-video,,3,,,,,,,
two_character_dialogue,bm_b2_ots_on_a,veo_default,veo,veo-video,,1,,,,,,,
two_character_dialogue,bm_b2_ots_on_a,veo_default,veo,veo-video,,2,,,,,,,
two_character_dialogue,bm_b2_ots_on_a,veo_default,veo,veo-video,,3,,,,,,,
two_character_dialogue,bm_b2_ots_on_a,runway_default,runway,runway-gen3,,1,,,,,,,
two_character_dialogue,bm_b2_ots_on_a,runway_default,runway,runway-gen3,,2,,,,,,,
two_character_dialogue,bm_b2_ots_on_a,runway_default,runway,runway-gen3,,3,,,,,,,
two_character_dialogue,bm_b3_ots_on_b,kling_default,kling,kling-video,,1,,,,,,,
two_character_dialogue,bm_b3_ots_on_b,kling_default,kling,kling-video,,2,,,,,,,
two_character_dialogue,bm_b3_ots_on_b,kling_default,kling,kling-video,,3,,,,,,,
two_character_dialogue,bm_b3_ots_on_b,seedance_default,seedance,seedance-video,,1,,,,,,,
two_character_dialogue,bm_b3_ots_on_b,seedance_default,seedance,seedance-video,,2,,,,,,,
two_character_dialogue,bm_b3_ots_on_b,seedance_default,seedance,seedance-video,,3,,,,,,,
two_character_dialogue,bm_b3_ots_on_b,veo_default,veo,veo-video,,1,,,,,,,
two_character_dialogue,bm_b3_ots_on_b,veo_default,veo,veo-video,,2,,,,,,,
two_character_dialogue,bm_b3_ots_on_b,veo_default,veo,veo-video,,3,,,,,,,
two_character_dialogue,bm_b3_ots_on_b,runway_default,runway,runway-gen3,,1,,,,,,,
two_character_dialogue,bm_b3_ots_on_b,runway_default,runway,runway-gen3,,2,,,,,,,
two_character_dialogue,bm_b3_ots_on_b,runway_default,runway,runway-gen3,,3,,,,,,,
high_dynamic_action,bm_c1_run_tracking,kling_default,kling,kling-video,,1,,,,,,,
high_dynamic_action,bm_c1_run_tracking,kling_default,kling,kling-video,,2,,,,,,,
high_dynamic_action,bm_c1_run_tracking,kling_default,kling,kling-video,,3,,,,,,,
high_dynamic_action,bm_c1_run_tracking,seedance_default,seedance,seedance-video,,1,,,,,,,
high_dynamic_action,bm_c1_run_tracking,seedance_default,seedance,seedance-video,,2,,,,,,,
high_dynamic_action,bm_c1_run_tracking,seedance_default,seedance,seedance-video,,3,,,,,,,
high_dynamic_action,bm_c1_run_tracking,veo_default,veo,veo-video,,1,,,,,,,
high_dynamic_action,bm_c1_run_tracking,veo_default,veo,veo-video,,2,,,,,,,
high_dynamic_action,bm_c1_run_tracking,veo_default,veo,veo-video,,3,,,,,,,
high_dynamic_action,bm_c1_run_tracking,runway_default,runway,runway-gen3,,1,,,,,,,
high_dynamic_action,bm_c1_run_tracking,runway_default,runway,runway-gen3,,2,,,,,,,
high_dynamic_action,bm_c1_run_tracking,runway_default,runway,runway-gen3,,3,,,,,,,
