scenario,shot_id,ref_shot_id,target_id,provider,model_id,variant_id,ref_variant_id,cross_shot_identity,wardrobe_continuity,location_continuity,lip_sync_quality,notes
single_character_cinematic,bm_a2_closeup_expression,bm_a1_walk_slow_push,kling_default,kling,kling-video,,,,,,n/a,
single_character_cinematic,bm_a2_closeup_expression,bm_a1_walk_slow_push,seedance_default,seedance,seedance-video,,,,,,n/a,
single_character_cinematic,bm_a2_closeup_expression,bm_a1_walk_slow_push,veo_default,veo,veo-video,,,,,,n/a,
single_character_cinematic,bm_a2_closeup_expression,bm_a1_walk_slow_push,runway_default,runway,runway-gen3,,,,,,n/a,
two_character_dialogue,bm_b2_ots_on_a,bm_b1_two_shot_dialogue,kling_default,kling,kling-video,,,,,,n/a,
two_character_dialogue,bm_b2_ots_on_a,bm_b1_two_shot_dialogue,seedance_default,seedance,seedance-video,,,,,,n/a,
two_character_dialogue,bm_b2_ots_on_a,bm_b1_two_shot_dialogue,veo_default,veo,veo-video,,,,,,n/a,
two_character_dialogue,bm_b2_ots_on_a,bm_b1_two_shot_dialogue,runway_default,runway,runway-gen3,,,,,,n/a,
two_character_dialogue,bm_b3_ots_on_b,bm_b2_ots_on_a,kling_default,kling,kling-video,,,,,,n/a,
two_character_dialogue,bm_b3_ots_on_b,bm_b2_ots_on_a,seedance_default,seedance,seedance-video,,,,,,n/a,
two_character_dialogue,bm_b3_ots_on_b,bm_b2_ots_on_a,veo_default,veo,veo-video,,,,,,n/a,
two_character_dialogue,bm_b3_ots_on_b,bm_b2_ots_on_a,runway_default,runway,runway-gen3,,,,,,n/a,
high_dynamic_action,bm_c1_run_tracking,bm_a1_walk_slow_push,kling_default,kling,kling-video,,,,,,n/a,
high_dynamic_action,bm_c1_run_tracking,bm_a1_walk_slow_push,seedance_default,seedance,seedance-video,,,,,,n/a,
high_dynamic_action,bm_c1_run_tracking,bm_a1_walk_slow_push,veo_default,veo,veo-video,,,,,,n/a,
high_dynamic_action,bm_c1_run_tracking,bm_a1_walk_slow_push,runway_default,runway,runway-gen3,,,,,,n/a,
